Actual,Predicted
245800,217892.0
137900,151202.0
218200,189054.0
220800,146361.0
170500,166539.0
75000,74360.0
269400,287635.0
228900,212269.0
500001,465994.56
80800,69794.0
170000,152024.09
87800,87026.0
242200,227691.0
165500,179224.0
164000,110032.0
238000,193745.0
283300,238342.0
249400,256860.0
143600,156683.0
333100,330315.0
164900,180278.0
216100,140315.0
188700,189369.0
59600,89644.0
181400,182134.0
224200,267943.0
238200,223014.0
210300,206022.0
253400,261554.0
85800,85351.0
90900,104941.0
131300,158415.0
209700,195002.0
244800,270839.0
283800,290491.09
400000,462099.7
500001,500001.0
73500,73935.0
169600,164617.0
340300,310450.05
142500,161786.0
71800,62327.0
197200,205708.0
114600,123323.0
350000,207016.0
157000,157718.0
111500,131332.0
500001,371951.23
346200,259372.04
212100,196089.0
177500,173026.05
159600,198856.0
145900,153922.0
176300,188217.0
133700,237159.01
495500,382245.1
213400,224407.02
266300,232374.0
500001,393626.4
67500,92184.0
170900,162308.0
203400,219102.0
66900,68941.0
365900,397404.11
347700,302646.06
422000,368686.08
131300,190732.0
187100,194322.0
200000,184315.03
242800,264022.03
234300,241741.01
269000,374993.17
112500,205932.03
500001,469666.52
199800,198296.0
252600,283266.01
83500,90322.0
323800,330481.03
141000,133743.0
159500,114446.0
477800,480328.74
82800,86880.0
123800,71948.0
340400,380375.21
186200,189342.0
248700,255626.0
188000,180407.0
183000,159197.0
494700,429277.29
308800,292608.0
255400,270508.0
155100,145174.0
103000,92114.0
50500,90567.0
482200,417509.13
50000,73769.0
500001,388019.14
55000,83496.0
204200,210713.0
142000,146247.0
154600,168474.0
83800,110324.0
219400,116007.0
108300,85196.0
212300,202947.0
129200,185082.0
351500,333481.0
500001,323940.03
194500,159825.0
110700,103057.0
500001,234419.0
310900,347177.01
94700,98145.0
369700,364121.08
208800,240023.04
163100,166376.0
157600,192470.0
114000,193018.01
210400,244575.01
249400,319623.17
165100,183949.0
500001,458150.8
280800,304678.0
313800,296481.01
244600,256015.0
500001,368705.11
104100,106777.0
84600,98163.0
144800,213154.0
257200,242382.0
500001,310532.02
322600,210082.0
154300,193307.0
189000,212228.01
80900,111308.0
120000,90947.0
144600,153449.0
229100,255027.0
199200,221859.0
128900,119230.0
64700,63363.0
276600,210286.0
158900,246536.05
149000,144463.0
336000,214276.0
112500,292895.02
115800,113096.0
213800,181303.0
247300,282366.02
113300,82698.0
176000,220036.0
99300,168000.0
223400,229925.0
183300,212122.0
341700,336333.04
119500,122886.0
194800,187917.0
101600,127949.0
160400,176893.0
123600,125704.0
132100,136669.0
121400,157898.0
500001,443941.31
436800,398887.34
156300,175758.0
230800,250641.01
116400,124331.0
131600,147425.0
107900,135531.0
120100,169478.0
275000,280233.0
292600,306641.01
229200,243802.0
315800,328735.05
226000,230116.01
214600,210470.0
65800,67897.0
157700,180251.0
114100,144738.0
147200,140781.0
219200,294632.09
275800,295840.01
260500,244083.0
213100,241841.0
500001,497955.97
76200,81854.0
90100,106715.0
101400,118539.0
181200,192281.0
500001,334831.04
366100,291149.0
288500,233429.0
141800,146156.0
500000,412614.29
200000,262739.0
191400,205065.0
420000,407848.15
259600,254418.0
87800,81941.0
96900,100036.0
229000,236477.03
183300,197014.0
148100,178934.0
226300,248447.04
95600,118826.0
131000,140526.0
390600,342493.03
72700,87495.0
462700,332864.07
233800,206725.0
347600,320658.02
137500,78550.0
270500,272268.01
217100,234522.01
152300,165992.0
99800,104873.0
82100,104945.0
265900,249706.0
209900,232604.0
346800,303050.01
187500,219922.0
270700,225082.0
97300,109789.0
362500,315990.07
98700,144906.0
254600,240027.0
494400,418663.12
72300,85861.0
70400,73193.0
99800,114700.0
72800,82472.0
500001,354316.1
126000,110720.0
56200,71950.0
104200,75194.0
293200,311570.01
73000,102098.0
290400,293891.0
167400,198348.0
121400,98075.0
94000,102787.0
160600,148635.0
234900,206024.0
122700,116980.0
118800,102808.0
137500,176901.0
72900,90610.0
81300,89305.0
152700,137575.0
100400,144834.0
156800,198908.0
396300,251226.01
256300,248462.0
287500,335484.01
178200,212694.0
475800,470448.65
392400,427150.24
387500,388329.08
147100,133774.0
246700,217465.0
264400,180152.0
105100,133120.0
127800,144838.0
90500,110039.0
70000,241395.0
65000,81429.0
111200,124948.0
175800,171014.0
57400,76091.0
175000,214278.0
245800,439894.47
169100,163498.0
268700,296183.01
152600,166038.0
291500,333768.0
174200,207401.0
178600,186567.0
139600,145871.0
96300,118031.0
183300,168096.0
158900,212218.0
341900,356324.06
92600,85482.0
166300,199842.0
93100,86585.0
374000,394775.07
206100,150364.0
92200,94942.0
173400,210410.0
89200,87725.0
116100,129345.0
289200,284226.02
350000,419070.33
174300,246599.06
118200,161736.01
141700,166912.0
426900,320844.05
67500,62099.0
239200,255689.0
200500,185866.0
113700,105182.0
227700,201305.0
244000,207338.0
233700,191800.0
432400,491243.84
60000,121138.01
206300,207616.0
286500,303336.03
87500,290238.03
362500,199953.01
184600,167973.0
311100,280456.0
125000,131290.0
346200,212797.0
277600,253620.01
119200,123016.0
110500,143182.0
143200,125539.0
500001,497588.97
500001,500001.0
192500,190787.02
265200,218669.0
156100,148038.0
343400,326935.07
165400,176132.0
326500,159771.0
54600,56178.0
109400,110986.0
124000,137899.0
193200,155749.0
185500,212340.0
315600,312811.02
260500,218795.0
109700,178358.0
191100,166419.01
155500,157939.0
55200,53335.0
500001,435728.35
500001,488423.79
234900,246103.01
110800,125111.0
224400,308196.05
271200,238653.0
178000,185154.0
188500,181454.0
228900,242199.0
183800,195590.0
85400,94775.0
116700,124872.0
278200,214465.0
239100,275757.0
216800,190178.0
128800,108230.0
402300,339624.03
203300,231306.0
72200,82141.0
170700,168330.0
222100,266634.0
223900,278732.16
130100,154329.0
93800,109644.0
139200,147032.0
302200,245162.02
54300,72716.0
187500,180736.0
163400,177731.0
230700,220697.0
151700,159266.0
191400,166207.0
160100,232741.01
208500,377170.19
52100,61157.0
282100,282031.0
218100,188327.0
465800,359667.0
144300,166264.0
113600,116810.0
87300,88551.0
282500,336664.03
259400,258773.0
274800,294960.0
500001,440699.38
143000,149636.0
84200,101396.0
72900,97792.0
500001,500001.0
455500,444202.17
164600,175892.0
257600,256060.0
169800,204812.0
98500,97942.0
56700,64470.0
175000,171176.0
187500,207707.02
60000,122824.01
159400,175361.0
181900,233474.01
381300,382718.12
416700,488023.83
292500,206316.0
78400,96062.0
71300,78370.0
246400,302315.03
258100,185097.0
500001,500001.0
200000,235347.01
181800,190015.01
250000,369977.07
276200,253943.0
292900,301491.0
101000,120668.0
63300,62078.0
265300,305645.01
225000,197702.0
114200,137402.0
139800,160849.0
286300,250823.0
55200,67016.0
231200,343650.04
269100,270314.01
95000,102773.0
219500,265338.01
182400,127802.0
109100,94759.0
500001,436412.19
246000,203861.0
236900,212025.0
270000,191223.0
293500,461366.4
500001,494505.91
159200,200027.0
500001,380757.12
500001,477645.67
142100,156394.0
126600,113366.0
173400,188631.0
141900,155557.0
216500,166239.0
250000,233110.0
119800,130161.0
111500,88103.0
239000,242739.08
369300,331632.03
290900,291562.0
200300,181833.0
85900,100027.0
282100,218593.0
380600,443328.22
122600,116775.0
500001,490319.83
161700,153644.0
458300,382769.18
122500,155682.0
348400,355207.01
121400,146759.0
196900,201638.0
500001,350805.07
393100,310938.04
215900,206696.0
126300,135290.0
119400,109935.0
145200,129012.0
107800,113865.0
73000,71014.0
116000,117615.0
132900,143126.0
159800,128657.0
238000,188484.01
47700,51082.0
393800,357729.02
379300,379998.03
263300,213567.0
280900,227567.0
147300,134440.0
84800,99090.0
86900,92823.0
75000,79351.0
86400,92644.0
186300,206640.0
93000,92552.0
345300,310814.02
343100,328121.02
354700,248832.02
406200,360444.07
109400,130170.01
136800,145834.0
425000,232101.02
246200,213244.0
164700,191719.0
429000,277557.03
87500,148998.0
358600,360845.09
322900,347571.01
117200,89687.0
84600,107395.0
126900,126064.0
105600,144828.0
80000,79788.0
89600,78362.0
148200,161731.0
191900,208983.0
99300,105592.0
354500,389294.01
180800,225714.0
172700,171505.01
282400,328691.03
47000,58146.0
500001,488402.88
108000,120929.0
282500,274841.0
201200,184797.0
165300,117193.0
66100,74108.0
72500,81953.0
113900,106603.0
222500,229884.01
137300,166521.0
197500,186071.0
189700,140344.0
103400,109316.0
227100,227932.0
460200,400824.46
185400,234269.02
221600,242733.0
388700,411879.14
176000,207246.0
330800,349703.04
257000,278033.0
185400,236189.01
158500,128219.0
500001,485409.82
221800,215551.0
137100,156065.0
80400,84116.0
65900,56870.0
351000,351599.02
300000,353308.0
190400,220305.03
73500,77076.0
156600,180583.0
153600,164919.0
142500,140655.0
160700,152508.0
348500,359061.01
117800,135666.0
178600,230054.0
175000,227880.01
112500,97070.0
200000,236542.0
93800,104600.0
500001,427477.1
54100,52739.0
217300,212088.0
397800,361497.01
152100,177245.0
108400,133427.0
192700,244496.01
233800,193663.0
195100,195929.0
90600,102961.0
132200,134990.0
73100,113400.0
396800,357758.0
90900,120231.0
213500,232425.0
181700,214913.03
180400,140037.0
162500,220091.01
81700,87638.0
314700,234396.0
78800,71831.0
146200,165195.0
121200,101294.0
293700,263631.0
138100,181102.0
293100,267158.0
358100,243484.01
157500,120740.0
355000,339457.04
103600,142462.0
110600,103464.0
192200,230480.0
281600,377923.19
71900,86122.0
333900,340130.04
161800,183542.0
88600,98190.0
134600,144303.0
134200,123639.0
73100,82325.0
155500,213020.0
188300,237819.0
55700,62886.0
272500,241262.0
116000,155357.0
231300,192126.0
248400,260878.0
412500,313496.01
137500,204661.0
166300,196316.01
368300,333443.01
66800,74698.0
183200,220483.0
189100,194819.01
390100,427824.06
137500,147457.0
91000,129835.0
152500,141045.0
333300,375697.07
500001,486301.84
383600,392334.1
177400,217112.0
65400,65147.0
135600,89820.0
428300,404018.11
157300,186826.0
218300,207231.0
432700,410068.22
173200,170515.0
65200,67256.0
113600,93346.0
113900,135054.99
83200,122366.0
351300,347721.0
219400,224383.0
181500,266987.02
106300,162860.0
185900,203407.0
332500,253347.0
275000,126051.0
136600,149711.0
233900,239532.0
178000,184378.0
169100,190749.0
281300,316711.16
222100,226366.0
193200,200463.0
147200,196759.0
43300,57984.0
154700,185361.0
410000,261329.0
157700,187893.0
270600,274671.98
176100,188277.0
140700,132668.0
91400,96535.0
49800,55222.0
240500,245310.0
141300,164780.0
88900,86791.0
119700,106683.0
225000,203731.0
128100,138215.0
62100,59567.0
221700,204733.0
500001,367536.25
464600,443320.15
400400,387408.03
157500,182265.0
279400,287676.0
152900,172722.0
47500,103515.0
170400,165365.0
500001,445224.37
248600,265218.0
41400,53478.0
218300,247230.0
105600,90574.0
170800,167637.0
132600,138737.0
257400,223317.0
276400,294188.0
163500,188384.0
485700,366441.08
223500,222946.0
113400,123854.0
205300,151240.0
170400,166193.0
233300,286274.06
186000,207206.0
167800,224216.02
212000,207768.0
262500,224557.0
191800,201201.0
158800,121370.0
420100,351763.08
185600,184439.06
199400,265332.0
213600,179879.0
69000,55629.0
158900,157057.0
128100,135929.0
423100,360915.02
169300,187427.0
280000,258936.05
356000,377398.05
58000,54845.0
80600,136269.0
265600,261244.0
229200,210057.0
150900,147220.0
190300,184742.0
234000,214063.0
196000,195011.0
118300,124220.0
84900,94581.0
120200,101957.0
500001,201360.19
500001,499662.98
119600,101826.0
500001,412606.39
120700,116937.0
69800,91930.0
355800,353730.04
270800,341474.17
400000,284622.0
330700,321294.05
175000,130313.0
159700,292907.14
183800,204570.0
314000,256064.0
81300,129068.0
52500,228306.06
158300,150780.0
67500,131950.0
341200,359901.02
54700,52036.0
149600,174625.0
109600,127449.0
49500,50018.0
329800,361670.04
150000,163422.0
327100,349153.09
135000,168512.0
405100,379875.11
387300,322184.01
500001,402528.29
331000,327587.03
125000,118305.0
264900,298716.02
69400,60423.0
79400,87478.0
164900,147730.0
151700,200522.0
127700,126849.0
146000,190106.0
200000,133543.0
156900,183828.0
435200,366400.3
188000,204031.0
187500,219186.02
86300,117267.0
488900,405169.18
154300,173662.0
214800,196891.0
104900,105597.01
299600,254069.02
211700,200370.0
159400,123976.0
300900,373675.17
132300,120690.0
133700,159192.0
258300,233800.01
443800,353580.09
438900,447211.31
362600,481803.73
334100,269996.0
117300,107402.0
74500,81474.0
263700,280054.0
103600,114835.0
135000,137868.0
158500,192174.0
118800,101405.0
321900,327913.01
171700,144347.0
93400,120306.0
123500,102539.0
133600,134747.0
61000,78246.0
133800,124614.0
155600,171228.0
62800,55646.0
136700,79285.0
500001,405515.13
87500,143021.0
369400,292061.0
158000,218297.0
122600,108770.0
236100,281517.06
189600,196365.0
138300,163956.0
67000,79416.0
143800,161857.0
330300,353056.04
148500,157754.0
66800,69586.0
236900,251001.0
168100,104135.0
204300,217336.0
83500,93958.0
110600,131011.0
152600,160272.0
276800,218945.0
217300,210934.0
322600,290008.05
358200,311983.08
47500,97986.0
179200,150794.0
350000,327161.02
275000,210457.0
363500,309120.0
137500,135758.06
148800,163953.0
264700,289337.04
153800,176884.0
78900,114705.0
225200,226320.0
380000,454732.55
350000,211279.03
134200,172594.0
212500,241176.03
254200,233317.0
410000,354946.16
254500,207291.0
254200,253212.0
500000,356436.21
363800,371223.11
350000,204100.0
295900,184458.0
182300,195187.0
169400,188588.0
221100,234972.0
257800,267538.0
142300,147564.0
81300,82486.0
168100,173418.01
68600,58916.0
138500,152956.0
165200,197685.0
253900,190071.0
300300,280638.02
233200,235261.0
208300,187335.0
244500,270377.0
175000,199644.02
234700,298661.01
188000,209140.0
275000,318931.06
491200,350700.07
321300,368738.12
60000,88835.0
55800,60414.0
82800,91561.0
500001,500001.0
140600,175873.0
207300,221374.0
139800,157897.0
213800,208976.01
176100,185960.0
267500,369854.08
79800,98350.0
171100,179027.0
367600,401606.12
189900,199083.0
267600,259182.0
43900,58082.0
322900,290849.01
169700,162319.0
155800,145860.0
51600,57956.0
105400,120240.0
185700,201724.02
268800,267873.01
67000,63543.0
344700,328798.01
500001,471627.58
129200,204351.0
142500,121221.0
152800,100588.99
133000,142053.0
148900,171968.0
500001,419290.21
185100,226628.02
139000,161225.0
162500,126273.0
146400,158158.0
98400,88619.0
230400,235460.0
99200,107503.0
370000,396341.14
85000,88253.0
164600,112920.0
166400,171082.0
125000,114674.0
52600,54775.0
80000,171924.0
95700,119672.0
128300,151333.0
318500,336108.02
443300,411706.0
267000,285540.02
190300,211893.0
59900,61488.0
231800,188416.0
152500,192032.0
66800,85607.0
236200,249138.0
111700,126819.0
349500,440367.38
184000,231027.0
217700,243012.0
247900,271752.01
147500,174454.0
107400,119606.0
386400,375422.03
253800,250048.01
472000,486393.85
76200,79726.0
182100,205863.9
188900,152324.0
369100,386554.1
130100,138155.0
162000,160923.0
115200,131957.0
83600,86942.0
170800,124746.0
228200,233961.0
215400,207805.0
225200,222178.0
202200,194835.01
381800,485134.69
438500,479230.78
222300,204665.0
353600,312798.05
318100,340709.01
204400,202995.0
206800,200050.0
154900,208979.0
169700,167333.0
147600,153957.0
84800,104558.0
61200,75451.0
143600,146920.0
134500,165131.0
106200,101467.0
292300,379523.08
222400,202870.0
59000,88245.0
103000,117502.0
67400,79169.0
143400,137280.0
51500,60151.0
184200,208181.04
76500,89813.0
229200,334966.1
212500,210489.0
110800,114012.0
160000,147139.0
376200,450066.25
201900,193783.0
137900,167586.0
114800,115210.0
139200,111674.0
163900,165540.0
189600,203237.0
67500,174391.03
164900,190996.01
225000,311856.14
184100,201943.0
397000,317455.01
233100,205797.0
109000,117483.0
398400,399488.01
113200,114462.0
77100,68394.0
67000,67269.0
340500,367667.19
112500,77904.0
363500,299272.09
145800,135374.0
193500,362188.04
86300,87328.0
500001,481549.76
137000,202579.0
374500,392408.13
143000,93069.0
94900,85332.0
500000,409267.13
150500,174723.0
269300,280139.0
265000,244945.0
87500,76098.0
178100,157968.0
218500,244029.0
238600,230952.0
79800,95850.0
103400,82978.0
353600,405863.12
183600,213968.0
55000,121080.0
162000,156276.0
310600,322220.03
168300,181588.0
55500,86385.0
312400,215498.0
165200,180160.0
402900,419051.23
96700,95708.0
181800,255999.01
275000,280922.0
43500,58051.0
255100,300172.0
376600,341235.04
151400,108868.0
238500,205668.0
126800,114450.0
212500,266743.04
320100,348386.11
276000,267478.0
144400,173936.0
362300,362625.04
68600,61017.0
165400,167206.0
273000,267989.02
147500,144598.0
231600,219353.0
64100,70297.0
151400,149043.0
53000,66895.0
227400,178771.0
432100,322387.02
125700,148116.99
333700,211299.0
90400,102201.0
185600,204001.0
87500,158859.0
176000,159076.0
53500,69103.0
102500,114197.0
154800,173384.0
67700,72851.0
69000,82119.0
122700,128410.0
113900,116242.0
68300,77942.0
482700,388555.11
500001,346392.01
160900,185902.0
164500,195834.0
218100,218630.0
143500,128151.0
426400,391138.13
195300,213503.0
259400,194196.0
144500,126687.0
77100,77438.0
327700,248878.03
190900,210001.0
242100,227936.0
292900,246993.0
187200,186410.0
245500,241098.0
135000,141101.0
500001,490085.71
311100,252871.0
67500,113315.0
161500,231578.0
184400,175599.0
204700,183103.0
217500,228263.0
192200,233331.0
500001,463664.59
255600,279599.0
164000,194649.0
374600,235237.0
50600,50875.0
105000,99994.0
79200,90861.0
185800,229981.01
228100,148378.99
202900,203113.0
286800,297437.0
138500,112439.0
68500,74774.0
71000,78935.0
275000,211442.03
312500,179598.0
244800,304561.01
93800,175185.0
274200,228262.0
90200,141438.0
76900,69143.0
151700,157143.0
175000,315801.19
189300,171639.0
98000,117803.0
200000,191680.0
361500,281265.01
258300,366205.16
496000,380956.12
233000,258036.0
113200,114393.0
365700,454831.47
54600,52564.0
182500,248548.0
151700,178621.0
61200,68934.0
126700,143094.0
200000,221531.0
160000,152646.0
83300,123314.0
258000,247144.02
55500,62337.0
214200,208244.0
201900,177073.0
318700,376993.04
279200,293653.0
142600,110784.0
87500,82622.0
107900,130224.0
340500,347496.02
252200,202189.01
312500,216791.04
190000,202481.0
327300,266260.0
201700,203292.0
77100,71770.0
201000,262606.0
191700,182737.0
340000,305912.07
190800,263816.02
53200,62879.0
101700,123497.0
158500,195962.0
63800,73265.0
166200,169332.0
395000,300933.01
334600,385278.1
228600,230021.0
115400,121304.0
55000,183662.01
130800,151482.0
78600,94304.99
58600,55709.0
84700,93600.0
200000,155900.0
171800,159839.0
362800,363532.04
208900,188515.0
111000,173990.0
218200,209634.0
208700,239295.01
500001,500001.0
170300,170801.0
82300,107004.0
185700,207381.0
212500,174263.0
112500,62309.0
174500,190584.0
141300,148819.0
400000,356483.05
243800,328849.13
319000,313043.0
161000,187125.0
500001,344879.02
241700,209357.0
195900,207986.0
122100,125074.0
500001,500001.0
92700,76933.0
459200,373425.19
500001,482105.4
262000,280797.01
48800,51923.0
500001,500001.0
334300,248791.0
205100,223591.0
153200,171370.0
366000,414138.12
127100,140623.0
120400,123940.0
137500,162471.0
138700,145688.0
114400,122805.0
269100,263280.0
102500,179408.0
54900,85556.0
130700,114036.0
134500,161710.01
450000,343337.15
72500,71331.0
316700,401305.45
137000,157901.0
101900,103499.0
342400,321099.08
256000,259152.03
400700,413778.13
500001,455763.63
279900,262779.0
93600,102542.0
109500,211975.0
83300,90406.0
331300,308078.0
124100,122267.0
500000,328845.21
162500,139741.0
439800,410655.29
500001,496809.93
287500,223804.0
131000,134502.0
207000,281641.07
194100,260218.01
95800,96829.0
277300,302238.01
154700,176610.0
287500,364475.14
107300,102593.0
275900,286192.0
380400,238481.04
190600,164579.0
76400,147431.0
112500,127023.0
500001,436748.3
272200,293111.04
340400,278387.11
364800,279926.0
137500,210254.08
62300,83102.0
94200,82980.0
179000,155926.0
332600,362480.07
236200,223021.0
250800,368413.22
118300,107898.0
253800,234367.0
66300,70436.0
97200,213882.01
286100,332339.06
369400,320552.08
97900,150354.02
218400,195302.0
149500,162505.0
319400,348516.04
60600,82858.0
92200,116937.0
311200,276669.06
118000,134875.0
118100,149598.0
172400,201956.02
60000,78756.0
363800,360465.05
55300,116882.0
212000,207788.0
273300,284999.0
187500,229531.01
400000,244823.05
330500,350770.01
150000,124221.0
344000,363498.12
295800,292945.0
183300,143818.0
189300,214487.0
76100,83671.0
187500,258123.04
95100,96056.0
53600,49326.0
130900,135857.0
68200,69765.0
206300,163822.0
132000,125149.0
347800,360353.03
112500,254446.09
151000,172616.0
426800,495024.89
227800,258234.01
149800,174894.0
152300,181152.0
162700,159682.0
78300,73031.0
355300,352418.12
106300,214127.1
60900,63307.0
95300,86169.0
353900,418877.42
150500,158223.0
137500,169984.0
113800,145623.0
328900,255865.02
314200,360695.01
66100,64391.0
111400,103653.0
203700,231744.0
227800,234337.02
183800,189926.0
78800,90808.0
175000,193665.0
60000,212091.08
60000,153087.0
100800,129785.0
272600,298985.0
63700,76327.0
288200,315138.0
89300,117720.0
443300,441681.13
131600,175553.0
105400,78431.0
70700,115875.0
68100,107507.0
56700,53183.0
169000,193369.0
92400,124668.0
196200,222081.0
147400,190673.0
280300,354048.09
334700,344973.04
239900,229301.01
293800,358912.25
153300,186255.0
350000,363382.01
290900,282254.0
75400,75318.0
162500,133323.0
170800,193022.0
193100,198817.0
127200,138271.0
200500,213030.0
458300,287594.14
167400,178176.0
142500,185067.0
80800,151139.01
117000,116447.0
130800,132803.0
326000,330969.11
115000,102146.0
50800,73506.0
500001,468435.63
112500,55476.0
208700,205313.0
95200,113265.0
162500,127004.61
225000,246044.0
168100,211033.0
72800,68684.0
185500,195489.01
95300,70393.0
111500,122757.0
159200,152296.0
225000,218626.03
93800,94706.0
349500,316607.0
162100,139604.0
66600,71908.0
154400,126909.0
164500,182421.0
135600,127657.0
66000,119950.0
207000,202534.0
217600,177000.0
82000,85813.0
57000,73085.0
500001,468190.52
82800,123266.0
186200,183041.0
129400,140677.0
174600,156245.0
119000,125679.0
89400,99558.0
95600,97011.0
288900,257298.0
203800,243457.01
327800,266042.0
217800,195542.0
186000,200334.0
177900,175773.0
93300,104548.0
256300,319547.04
217500,193452.0
136200,124799.0
286100,263259.0
103800,105540.0
144300,155755.0
84200,78623.0
87500,131686.0
276800,212425.02
146800,161783.0
72400,92812.0
436600,422935.12
474000,407810.15
114300,161200.0
62500,62372.0
170800,178046.0
100000,90468.0
154200,132665.0
69600,77614.0
97400,98255.0
80100,69215.0
200800,219223.01
363600,423245.43
150300,173921.0
185400,207428.0
53100,51191.0
363100,222516.0
184100,160313.0
500001,399661.04
132800,184370.02
76500,84434.0
205800,209001.0
151800,149480.0
110400,132115.0
156300,138150.0
188800,256635.0
149000,100817.0
145600,141099.0
54400,65060.0
108600,97071.0
283600,250146.0
153300,100476.0
67900,78425.0
64100,67426.0
162500,188896.0
300000,254970.0
177400,163585.0
248400,242713.0
54400,107684.0
116400,117867.0
314900,296504.0
97100,100193.0
248700,225895.0
457400,362534.11
171000,150635.0
219000,227963.1
60200,75653.0
156700,179144.0
305800,235504.03
131300,253078.08
140500,144088.0
174400,151890.0
500001,430391.48
129700,141514.0
200900,225945.0
174000,181701.0
267100,217659.0
268100,220134.0
162500,151924.0
155000,85318.0
163500,229390.0
141800,165448.0
100000,172540.03
103100,114129.0
352800,451888.31
60400,58045.0
168800,152380.0
434700,405269.06
195300,169347.0
171300,134273.0
140500,179030.0
120200,91753.0
55000,217219.3
215700,250593.0
285800,279050.0
66000,73245.0
290500,202382.0
148300,207949.0
179100,208828.0
500001,360382.23
128600,136826.0
500001,492074.88
160100,172735.0
241300,245988.0
377200,393148.15
500001,499213.97
151700,188713.0
196000,179291.0
133900,125413.0
240800,127606.0
500001,363064.09
154200,185443.0
134600,166302.0
500001,485037.79
500001,494645.93
107200,99846.0
350900,344956.04
382200,400488.02
88600,79947.0
179100,193413.0
446600,447957.36
174300,191078.0
234600,289693.0
252400,255245.01
182500,214473.0
216200,227185.0
100600,95699.0
122500,201753.03
101500,102539.0
58000,90405.0
107500,113532.0
125000,173704.01
284900,256893.01
500000,224630.02
99600,98830.0
92300,88494.0
128400,122811.0
230900,205578.0
154200,131804.0
224200,242062.03
239300,230097.07
345000,325183.07
165200,188779.0
147800,116134.0
163000,139819.0
57500,48601.0
149600,147551.0
153700,162906.0
72300,67716.0
329400,310657.03
57600,64211.0
210500,248617.01
60900,122642.0
115200,162794.0
92300,96316.0
253800,268490.0
187200,198588.0
184400,152404.0
65400,69981.0
274100,296789.03
138000,164911.0
214800,272211.08
152600,159963.0
67000,68811.0
120100,143346.0
100000,95391.0
79800,76201.0
166800,192729.0
119500,124250.0
150000,100983.0
236000,233798.03
163700,157847.0
202300,265563.01
156800,148594.01
151200,164800.0
218800,141702.0
121200,117720.0
230600,309604.19
475000,313932.0
253100,280507.02
53800,75569.0
169400,158461.0
81800,83784.0
137500,132925.0
339700,316345.03
155200,147200.0
98800,79058.0
350000,194805.0
123300,119234.0
108500,110501.0
500001,390614.14
164600,180140.0
57800,85370.0
202800,180800.0
224600,227226.01
52000,59883.0
106200,124508.0
409600,451299.54
229700,235786.0
176900,159099.0
163500,231173.05
161200,161951.0
220100,188863.0
161800,135212.0
249500,255751.01
236100,167292.0
275200,326242.06
298900,290761.01
280200,310484.08
234600,215177.0
233700,210382.0
500001,224144.01
159400,179576.99
500001,487376.81
127300,111046.0
61300,71398.0
214700,258341.08
154200,104345.0
56300,77190.0
316700,229203.0
170700,175620.0
328100,299167.05
173900,192399.0
55800,58173.0
54000,70690.0
410000,373699.02
85300,105570.01
266700,158974.0
245100,285158.0
161400,182514.0
156000,187995.0
181300,175968.01
129300,147432.0
378100,403355.13
241700,246657.09
45500,48639.0
216600,193246.0
315500,318101.0
69400,102689.0
205600,209549.0
183500,203109.0
147700,141533.0
163200,160340.0
239600,276275.01
55000,67718.0
145200,153604.0
175000,116254.0
241800,222124.0
396900,311262.01
49300,58320.0
248700,234047.08
234000,285750.0
266600,210876.0
125400,143612.0
114300,88867.0
435900,375781.22
350000,110328.01
64000,81934.0
342900,327951.14
144700,178263.0
130000,132869.0
129500,139516.0
74600,105782.0
150000,148019.01
130100,139700.0
61800,86877.0
225000,254500.03
200900,199433.0
161900,199966.0
123700,122256.0
242400,232328.0
227300,218910.0
325000,263133.0
198400,190116.0
58000,65716.0
180000,185500.0
304600,307371.02
84100,84572.0
294800,282756.0
187900,246930.1
218300,232373.0
171400,186500.0
123400,128604.0
225800,197098.01
230900,244780.0
277300,210544.0
157100,179840.0
169900,175550.0
158200,166198.0
208200,205556.0
253500,257177.02
205500,183180.0
144700,192522.0
169200,168739.0
67500,108822.0
170800,177214.0
170800,171023.0
53000,52150.0
140100,116325.0
110600,100083.0
305000,329040.03
124500,87266.0
163900,180665.0
134400,149003.0
94200,96002.0
410500,360604.04
205100,226262.0
132700,128674.0
87600,108872.96
500001,432353.61
87900,118931.0
123200,118816.0
142500,205726.0
500001,200700.0
51500,59002.0
54600,63445.0
397600,320980.13
165900,200470.0
119400,140756.0
338500,367857.08
113700,140076.0
321100,342303.04
64500,76779.0
113900,145598.0
158600,107533.0
55000,73595.0
285400,241842.0
495500,394310.07
295400,235040.02
240000,276191.06
307000,308194.0
100000,106058.0
108900,161348.0
195800,219782.0
119300,130011.0
82000,109365.0
228600,252159.0
199600,262512.0
436700,439987.08
246900,194511.0
130200,143752.0
325000,381236.05
159500,175057.0
128100,114839.0
450000,417953.23
190300,190114.0
375700,334343.07
67500,82606.0
313100,312936.0
213000,122412.0
108100,99525.0
140000,84373.0
341300,344761.07
82500,118660.0
222500,244856.0
213900,271894.0
184100,197381.0
137100,164512.0
56500,52919.0
144100,177558.0
89300,116136.0
485300,437391.43
338100,231798.07
127000,130932.0
154600,191626.0
312200,233074.0
240600,279920.05
312300,249030.02
191400,211519.0
182100,179954.0
112500,245898.1
113700,78919.0
148900,198817.0
187200,186412.0
63300,68870.0
123800,113210.0
118800,144218.0
183100,214511.0
192900,243209.01
271000,173377.0
65600,80941.0
141700,115366.0
215200,238057.02
190900,231026.0
500001,499833.99
500001,454924.55
253100,255701.0
59300,66219.0
91100,136966.0
270000,325791.11
500001,320697.14
158500,230947.03
105400,111884.0
97100,118010.0
65700,93439.0
62900,68611.0
116600,103191.0
96500,117302.0
185400,166998.0
188000,189898.0
71600,74268.0
168500,127340.0
115800,112217.0
229200,244981.0
142500,135975.0
239900,263648.0
107300,152170.02
161500,180822.0
119000,119082.0
125400,138408.0
144300,119421.0
72500,72120.0
122100,136777.0
244500,194502.0
263400,246438.01
205000,209889.0
218200,210312.0
436400,317901.02
236400,168364.01
143200,138730.0
112500,133768.0
357800,255338.04
344800,262218.03
238500,220751.07
500001,345766.09
343000,331499.0
82700,75562.0
213200,238051.0
500001,500001.0
96600,143503.0
216700,193814.0
188200,205799.0
500001,339328.14
193300,306200.08
176300,161304.0
161000,193068.0
90000,73769.0
100900,106761.0
159100,158624.0
485000,418085.23
213200,201322.0
167800,172580.0
151900,231079.01
53200,74915.0
256300,292810.06
138200,154966.0
142200,165432.0
500001,148159.0
212800,202931.0
333700,218719.01
173800,171255.0
171500,174713.0
131100,104550.0
76200,100785.0
173900,151479.0
204100,229331.0
152500,108751.0
94100,72506.0
205900,195226.01
74200,57119.0
71100,90762.0
233400,243748.0
96700,112939.02
300000,312406.09
87800,70744.0
174100,193970.0
122400,130804.0
162500,166396.0
139200,170312.0
154700,138725.0
364000,278656.01
175000,187627.01
156900,179119.0
118000,109760.0
391300,271652.0
92500,114541.0
159500,177600.0
268000,288841.0
159900,176845.0
263100,316669.03
320900,386388.23
166700,199004.0
274200,323286.0
177100,213026.0
120700,134053.0
500001,472260.71
200600,211667.0
346400,351289.0
500001,500001.0
336700,370942.24
246700,254321.03
104400,101808.0
253800,262169.0
179400,169651.0
147700,139470.0
89200,94379.0
100000,116999.0
500001,500001.0
110000,208841.02
82100,96383.0
59200,46279.0
125000,122925.0
178100,151476.0
375000,226782.13
371200,297988.02
212800,239288.0
112800,131883.0
116500,140621.0
233700,294058.0
263900,284337.04
168600,188322.0
168600,171708.0
134400,171572.0
275000,282383.02
261300,320611.01
238000,225410.0
70400,89087.0
136600,98763.0
500001,487759.8
242000,236976.0
245700,293561.02
196000,197654.0
186100,193085.0
174300,179243.0
252400,293076.04
486800,251805.99
376800,428543.22
69800,116048.0
500001,441662.45
123400,117264.0
59300,71796.0
121400,103433.0
191800,192391.0
500001,469505.69
178900,262103.0
155700,232300.0
202800,193149.0
113800,91102.0
105000,114433.0
132300,161298.0
233300,329864.0
262100,262153.0
393000,405559.06
79700,92692.0
320800,314199.14
410400,408118.22
217300,271733.02
346900,308387.01
260300,275874.0
189900,160795.0
467600,453424.53
66000,72369.0
138100,146470.0
208300,173526.0
353100,313362.09
150000,176646.04
500001,456564.54
77100,76048.0
128100,131288.0
58700,80414.0
101500,81497.0
268800,291960.06
163900,168495.0
500001,305735.08
168900,166981.0
126500,138482.0
228500,290568.0
325800,355177.05
261500,246137.03
68100,64712.0
346100,329526.01
87600,82093.0
361400,341501.0
204200,188214.0
211500,198387.0
500001,495882.94
480800,379299.15
158800,159238.0
202500,229232.01
225000,182920.0
153000,127745.0
157700,167807.0
206900,215652.0
71300,87509.0
160100,157566.0
162500,171222.0
193500,203471.0
58000,66689.0
500001,484541.61
65500,76053.0
379600,347696.06
500001,423876.24
57500,101443.0
500001,495924.84
223800,223267.0
198400,155841.0
140400,124267.0
355900,411905.1
192100,224462.0
213400,242609.0
133300,178043.0
126400,131569.0
435100,336006.03
345700,381981.1
498700,474056.71
191600,181846.0
157700,172428.0
133900,125280.0
171200,179557.0
187500,264991.04
108600,109221.0
187500,218449.0
50000,107959.0
435700,364239.11
167600,184752.0
176200,181585.0
119000,116945.0
63000,85743.0
94500,91051.0
369200,354938.01
235600,263321.01
265000,236367.0
106300,176947.0
162500,184718.0
352300,324645.02
145800,142605.0
397700,367387.02
229300,257693.01
500001,443171.57
258400,202603.0
80400,102296.0
140800,101939.0
151900,161286.0
500001,496454.94
175900,177751.0
166300,164570.0
160200,181237.0
500001,498632.98
50000,66380.0
159800,183195.0
283300,250780.01
116200,101053.0
500001,487944.75
191500,179278.0
174000,178330.0
500001,478571.7
156300,245109.01
84600,79126.0
80700,100192.0
54400,62742.0
153300,135315.0
162500,205392.01
212600,214978.0
200000,160469.01
310000,318893.05
320500,259202.0
66100,78596.0
283300,252712.01
189400,197266.0
70300,75600.0
142500,168008.0
380000,379851.21
341800,342797.1
141900,155952.0
84700,89145.0
153100,113759.0
225000,352101.17
81300,85036.0
79800,80678.0
67800,80075.0
198200,190162.0
182100,185017.0
54300,63923.0
145600,174151.0
173600,185932.0
80600,162369.12
225000,201583.02
205300,236129.0
124100,139558.0
309700,324034.0
57500,75232.0
225000,265295.01
161300,165345.0
282600,240551.0
51800,68011.0
170800,177708.0
234600,263271.01
225000,121596.0
293200,210667.0
137500,238872.0
384400,397783.24
68000,102029.0
179800,171938.0
81600,90437.0
150300,162411.0
184600,204888.0
171300,209469.0
86400,79911.0
126500,94581.0
81500,104736.0
253500,259677.0
192200,189565.0
161400,177333.0
221100,165690.0
101100,95420.0
296200,271642.01
79200,65684.0
353000,237322.02
126500,138496.0
257700,252328.0
215600,301213.0
107200,104155.0
187300,200422.0
191700,204258.0
500001,409585.31
192000,173978.0
212500,197719.01
121700,111401.0
185100,158083.0
126700,131473.0
170500,99532.0
62100,70425.0
500001,323532.1
179900,212152.0
163700,142282.0
139200,218854.0
109200,112565.0
136400,106415.0
277800,216739.0
92500,92071.0
287800,262927.0
142200,177470.0
218800,218670.0
121500,117900.0
500001,422334.41
173900,227404.0
120700,144354.0
232500,222964.0
500001,378818.28
76900,119964.0
141300,201933.0
65200,84924.0
118100,130266.0
241900,313086.09
444200,416133.32
213800,175518.0
223300,215237.0
80400,84680.0
131000,177258.0
293000,249642.0
150000,124433.0
234600,247598.0
170100,204893.0
309100,257642.0
186800,172398.0
90800,81008.0
204500,116532.0
88900,88770.0
65900,67199.0
96700,89880.0
166900,180435.0
375000,165719.95
154200,209286.0
376800,242592.0
178300,200135.0
164100,175570.0
100200,140364.0
303900,261704.0
370100,338710.06
363800,393693.1
83300,85921.0
309700,283995.04
82100,87825.0
201800,144889.0
223600,234243.01
127600,143544.0
194600,144409.0
134700,174492.0
97200,114256.0
265500,275914.01
311700,275694.01
120800,104732.0
136900,184840.0
190000,174978.0
275000,218455.03
145800,174441.06
73700,73181.0
216700,212122.0
178500,193149.0
125000,78745.0
110700,117025.0
181000,200160.01
248000,237928.0
197900,207971.0
85200,91501.0
275000,107215.0
244700,249324.0
187600,194044.0
230800,228751.0
73900,95978.0
217200,215599.0
345800,384212.11
183000,230416.01
169300,187473.0
204800,266450.0
500001,429699.3
55200,59610.0
254000,225947.0
314800,348838.06
169200,177464.0
250400,232304.0
87900,89442.0
123800,139679.0
173100,191654.0
179200,183402.0
171000,169805.0
104200,96952.0
232400,232876.0
71300,162412.0
120000,140613.0
438500,382805.14
306800,212627.0
181700,197683.01
141400,125818.0
257000,281998.01
132700,129753.0
86000,119418.0
201300,161813.0
312500,243407.07
279300,260441.05
132000,144239.0
155500,139592.0
152300,167494.03
250000,267204.0
55000,248067.03
461200,370289.09
149300,193308.01
52600,61105.0
219900,213011.0
173300,178522.0
123700,107039.0
232400,259994.0
63300,67751.0
186200,204811.0
80000,65948.0
91300,109827.0
153900,160978.0
117800,114347.0
417600,389267.23
139600,133262.0
163400,171674.0
100000,93819.0
285800,305313.0
362500,300174.05
281700,267412.03
58800,55905.0
90000,158142.1
105600,116885.0
50700,61332.0
226900,201347.0
67500,62172.0
216700,227718.0
138800,160696.0
244200,259153.03
70200,81878.0
196200,238572.02
194500,200554.0
265100,280056.04
147800,156253.0
94400,112220.0
146100,117689.0
205600,206093.0
100000,119530.0
126700,149248.0
417800,409321.21
137500,155907.0
155000,224118.0
320900,265160.02
134400,122003.0
405500,344756.09
128000,157761.01
279400,347372.09
97900,130228.0
361200,341640.01
500001,438695.42
126600,133746.0
146300,131984.0
331200,386363.09
207300,224570.01
500001,431169.3
40000,74765.0
153200,159217.01
287500,343812.06
500001,492992.77
229100,213240.0
148200,89040.0
232100,211082.0
401000,372720.21
125000,178508.0
99100,134556.0
275000,233633.02
254700,254011.0
151400,231135.0
55500,57962.0
225000,201129.0
212300,164677.0
137500,313361.18
117000,131240.0
308300,415390.25
157800,175791.0
500001,496735.96
242600,211499.0
218300,237825.0
118600,129812.0
340700,262697.0
375000,355709.0
55800,53711.0
210900,262664.0
500001,500001.0
500001,448823.57
126200,177924.0
92400,102847.0
67900,78010.0
215000,217405.0
143400,92882.0
244100,177021.0
228700,273249.0
204200,207758.0
172800,149303.0
500001,400054.14
161700,225434.0
281300,213480.0
457800,349644.04
157400,144898.0
71800,80330.0
320700,226917.0
98800,117982.0
243200,251399.0
161800,153311.0
86300,155870.0
244400,207743.01
196900,166914.0
260000,219323.0
89700,95118.0
90600,142831.0
309400,315804.04
198700,181717.0
91500,84396.0
267100,260197.0
391000,358773.04
268800,218064.0
86300,93663.0
426500,403605.06
249200,231471.0
130000,138729.0
136300,117576.0
135600,161768.0
173400,202962.0
140700,153410.0
112500,325299.3
264200,312227.0
500001,442251.39
105200,143967.0
440900,367028.05
489000,401565.13
238500,288262.06
173500,166508.0
258300,202455.02
135500,135650.0
500001,500001.0
179300,233455.01
140400,304015.06
111400,99636.0
108900,149864.0
228900,221101.0
130100,102278.0
123100,145578.0
183200,192570.0
443600,322917.2
339000,341984.02
208600,213384.0
97000,99381.0
380400,420345.29
183700,199130.0
231300,170198.0
189400,156071.0
500001,498290.96
181800,190746.0
221500,243400.01
104200,118505.0
257400,251325.0
181300,110297.0
355200,333295.01
108300,138957.0
94300,95472.0
295600,301843.0
161000,162168.0
146600,184846.03
375300,356921.03
179200,245902.0
193800,116875.0
350000,166481.02
244400,227386.0
188300,235919.02
237500,243527.0
155600,172730.0
48100,51918.0
93800,89690.0
134000,148420.0
70000,67795.0
230000,257221.0
209200,167432.0
391900,335458.05
327300,239672.0
159600,146331.0
286900,363294.05
147500,139152.0
438800,302843.04
355100,362613.12
159200,199021.0
189900,194872.0
60400,70303.0
382400,402601.08
270600,240561.0
87500,199560.0
183600,205720.0
144900,170377.0
81300,211673.0
66900,46361.0
158200,151240.0
500001,500001.0
203600,181714.0
239900,190031.0
346200,341404.0
148600,193036.0
208300,147174.0
117200,107436.0
93800,144870.0
162500,179193.0
350500,343539.01
67500,337441.04
78300,75993.0
315000,179131.0
79000,88802.0
218800,146956.0
205400,322334.02
337300,329503.03
159700,133703.0
500001,393425.1
92000,109253.0
274700,250500.0
177900,127185.0
139200,129146.0
297600,221151.01
196100,233377.0
137500,172375.0
69700,86522.0
172100,193382.0
92200,102406.0
72200,79028.0
176700,165983.0
118800,134982.0
72800,82944.0
97400,79578.0
142300,156556.0
295300,253112.06
253000,317815.01
225000,192915.0
183700,213439.01
158000,155789.0
168300,190169.0
81300,71838.0
62400,62244.0
77000,101806.0
275000,91694.99
168100,148240.0
158500,187433.0
64600,51985.0
133900,202860.0
165400,194434.0
134600,209290.02
114000,160420.0
413000,395530.18
269600,234906.01
199100,247578.0
94900,95856.0
116900,144092.0
147200,203176.0
280800,255835.0
309800,226030.12
220300,198243.0
97500,130429.0
81900,90877.0
433300,424515.52
138700,142085.0
217000,241557.0
409700,242064.04
178800,169611.0
160600,183212.0
160700,218707.0
265100,260734.01
36700,122352.0
251600,201605.0
174100,187353.0
183600,174826.0
500001,414458.15
365900,434943.25
157700,198865.0
142800,144720.0
314300,333190.04
92200,93477.0
285500,208226.0
366300,359938.01
137500,179243.0
417000,383425.03
62800,89414.0
151500,169066.0
110700,80242.0
202700,212027.0
90500,94935.0
214300,248442.03
84500,85147.0
181400,201326.03
98800,104802.0
363900,391933.11
357900,304277.02
182000,182190.0
375000,274335.0
77400,82601.0
235800,196591.03
215400,252833.0
253300,258666.02
115800,138268.0
302000,240835.03
180700,196072.0
45500,62332.0
259800,265906.07
353400,318118.12
289300,213026.0
500001,499318.99
85000,90415.0
202700,231544.0
500001,366142.07
194400,205297.0
300000,299806.01
49100,53107.0
121100,131930.01
253800,325503.1
91500,103880.0
50800,52282.0
250000,266173.01
140900,155720.0
208600,186848.0
135900,120741.0
189800,276202.01
101800,230816.02
150000,155755.0
102600,120327.96
222600,174333.0
225000,207828.0
143500,142856.0
63300,86502.0
96100,83127.0
218300,238781.0
229600,213722.0
214800,183459.0
125500,153982.0
500001,423280.44
93400,135916.05
196900,187182.0
283200,282168.0
130100,167440.0
310500,248214.0
225600,157004.0
225000,135392.0
158200,272659.01
97300,112488.0
186500,168908.0
299200,252353.0
121400,159120.0
409700,278239.0
187500,229447.01
217300,210967.0
337500,380470.15
268800,320880.06
196700,238257.0
140400,168948.01
101000,130779.0
156400,166251.0
315200,393423.04
163500,117172.0
320900,294571.05
191900,176442.0
341300,250137.02
232500,280764.01
121700,143777.0
169300,206086.01
329600,336103.0
108900,108482.0
500001,409757.16
146400,119783.0
395200,358420.05
137500,153033.0
128300,119061.0
296400,282770.0
342900,347240.01
279100,227877.0
266900,181587.0
337500,345313.03
286500,267082.0
140600,246045.04
188800,186931.0
97300,122840.98
113600,149949.0
139100,124863.0
255600,292667.01
163500,163118.0
405900,363934.03
266400,303255.01
87700,90461.0
116700,146149.0
232900,218574.0
451300,356018.03
129900,143623.0
277300,278080.0
135700,142218.0
500001,499543.99
212300,218127.0
137500,77386.0
306300,349683.06
128100,160134.0
151900,121982.0
430900,213006.0
105700,123444.0
237300,327394.08
450800,284391.05
433000,365942.11
332500,238073.0
113500,102950.0
229800,183796.0
298800,387377.25
48800,71862.91
211400,215101.0
290600,211372.02
109300,111488.0
299300,317479.01
204900,133377.0
83100,77244.0
151800,141712.0
100000,129816.0
362600,316575.0
98300,97263.0
219400,183362.0
417800,403963.1
405200,405138.26
97200,106649.0
325000,188919.0
160400,193743.0
500001,397381.36
230700,269296.0
167000,216487.08
116300,121968.0
203300,206791.0
165800,167746.0
69200,73717.0
359900,338889.05
500001,429029.49
109700,97352.0
164100,159733.0
467600,490747.82
241500,237502.01
264900,213632.0
85800,177965.01
69400,79793.0
500001,498688.91
59400,72799.0
216900,219906.02
277600,303093.02
99100,94564.0
219900,214886.0
143700,157240.0
47500,165212.0
174000,175954.0
175400,189246.0
351100,293879.0
268200,203577.0
500001,441176.4
127900,159952.0
195500,149300.0
220000,194590.0
170400,179070.0
296200,270452.03
314900,264894.0
334400,317474.0
152800,173348.0
238000,233867.0
240800,300932.0
52500,53709.0
159100,205038.0
357400,230474.0
323800,206841.0
416900,404397.34
280000,244315.0
143100,157486.0
162500,137150.0
58300,69347.99
288100,307552.05
407000,440505.24
124900,146948.0
261900,258840.0
216700,241759.01
201200,138340.0
157600,143233.0
203700,268860.0
176000,175177.0
165000,157141.0
257900,274900.03
422700,478659.82
141100,147949.0
109700,134543.0
163200,210076.0
164200,157483.0
141800,119573.0
111400,99254.0
411300,311840.04
67900,70256.0
236200,192761.0
177700,173658.0
187500,189305.01
187500,182226.0
147500,167890.01
287800,313316.03
58200,76935.0
287200,425991.39
186400,200995.0
192700,148567.0
289500,307399.0
227900,254434.0
83700,74912.0
281300,294834.0
286500,227750.0
274600,282020.0
163900,163338.0
145200,157515.0
102000,94484.0
137300,245452.0
77400,79461.0
288000,305686.0
131500,204207.0
68400,100585.0
169600,211403.0
104000,105325.0
347400,304627.0
229200,228735.0
121500,137476.0
198800,197588.0
87500,199414.02
116000,107307.0
55900,70148.0
238000,276676.0
187300,184370.0
500001,307777.09
500001,430174.47
304800,340511.1
111100,101691.0
239500,272680.02
108200,103517.0
158100,155700.0
186400,271384.02
94900,91849.0
62900,72094.0
500001,499265.98
400000,268112.01
112500,204487.0
226100,253681.02
72300,83295.0
500001,499153.98
129700,134595.0
104000,102052.0
348200,328887.05
187500,138903.0
274600,269799.0
176700,192937.0
87800,122498.0
44700,69290.0
77700,104802.0
248900,326819.03
104100,106441.0
99600,100909.0
268000,226018.0
268500,252281.0
500001,500001.0
141300,191505.0
295100,321423.09
212500,101910.0
140600,164092.0
159200,173549.0
99200,91104.0
50000,67551.0
396400,397092.16
354300,444670.22
500001,262307.02
118500,126310.0
146000,138290.0
148800,139180.0
382100,341215.0
250000,180861.0
347700,234657.0
144600,142241.0
181300,213343.0
500001,413683.19
89600,89985.0
160600,206790.05
79300,74660.0
151700,178335.0
489600,224198.0
258300,73775.0
500001,467889.6
311200,304693.0
73500,97530.0
82500,112074.0
155600,143561.0
94600,101743.0
70500,78668.0
104400,110800.0
354000,349178.01
77000,82682.0
157700,150242.0
174000,166924.0
123200,74694.0
301600,152688.0
207500,227985.0
281200,266821.01
93700,97421.0
162500,126704.06
119000,113968.0
294500,276134.01
103700,101188.0
120800,250971.01
46900,89180.0
500001,494259.91
163800,209252.0
362500,429574.38
135700,131923.0
143800,155200.0
134700,123843.0
236200,300087.02
163200,179296.0
243800,313970.1
335200,408813.26
500001,468742.63
247300,250526.0
75900,80822.0
111800,117989.0
51900,65038.0
463500,339780.09
352800,295340.0
127200,143364.0
225000,315346.03
239400,200600.0
58000,64349.0
142200,153473.0
500001,500001.0
60000,71317.0
248100,116060.0
153800,180956.0
159800,141022.0
150400,125506.0
403000,388844.11
289500,241060.0
174000,157473.0
233000,155420.0
347700,367680.09
196900,212855.0
485300,359782.14
131000,168865.0
130600,139423.0
139400,108304.0
158800,135488.0
500001,420387.3
186900,192529.0
308900,278812.0
65000,75844.0
142900,180231.0
48100,59723.0
147100,170596.0
358500,309891.0
174200,209030.0
206100,147430.0
444100,353800.04
327300,358363.03
248700,221504.0
65600,86516.0
306300,273998.01
500001,500001.0
86400,98475.0
240000,221999.0
158500,173923.01
83300,202912.0
261600,236875.0
337800,345171.01
113800,90630.0
500001,500001.0
121000,149513.0
243600,242548.01
218200,273556.0
69100,115045.0
143100,119057.0
120800,117801.0
214600,190329.0
138800,142957.0
190500,184542.0
249100,194198.0
42100,64695.0
90000,229735.17
134700,216762.01
500001,471678.59
257500,245531.04
110700,124284.0
126400,99739.0
47100,50186.0
126800,147892.0
425000,389361.11
64600,58204.0
278300,274494.0
225000,160760.0
156900,143760.0
137500,221624.01
95500,100908.0
75100,79255.0
339300,258475.01
165900,230717.0
81000,77526.0
93800,123695.0
100000,109494.0
336100,351605.05
135400,172869.0
292000,330934.03
125700,162972.0
500001,451804.56
254100,230820.0
130600,151596.0
148100,183064.0
72200,105186.0
158600,204976.0
225000,260478.0
350000,248768.06
500001,417711.16
44000,55004.0
45000,59329.0
123800,128964.0
389700,377698.06
165600,295680.06
62500,132317.0
299400,303936.05
483800,421139.18
97700,124774.0
97800,95853.0
178500,168089.0
157100,168122.0
136700,169921.0
150000,135311.0
361300,356449.12
112500,95954.0
212400,238598.01
75800,80721.0
75000,104676.0
214900,290416.07
290100,255061.0
237500,221199.03
118500,169639.0
146900,160834.0
193000,192812.0
206400,188762.0
338900,269605.0
168300,167988.0
282900,295414.02
75500,75641.0
198000,187047.0
132600,154426.0
425000,358037.05
331800,413631.12
284000,275108.01
174500,181831.0
375000,186911.0
254000,190695.0
162800,158429.0
114300,139370.0
209900,223474.0
115000,157131.02
219900,252928.03
111800,110188.0
140800,141886.0
156700,169816.0
95900,118402.0
242300,246465.0
136800,130959.0
239500,222526.01
174800,237431.0
250000,235951.0
140200,207485.0
418400,322792.08
500001,442112.28
116300,128138.0
169800,276575.03
86900,80129.0
281800,266012.0
183300,196048.0
141600,171880.0
87000,94479.0
212100,205311.0
61400,59102.0
500001,497917.96
47100,68243.0
256000,313998.06
331300,201122.0
122500,113894.0
302900,280134.01
160100,152295.0
245300,221515.0
231900,270434.01
67500,76296.0
126600,107763.0
206900,248101.0
143200,164775.0
67500,66320.0
314100,307835.0
154300,157606.0
58600,68658.0
349000,366670.12
114200,124676.0
142700,173437.0
97400,135436.0
500001,327648.02
301100,221935.0
172500,162682.0
148200,129759.0
91800,91693.0
94500,115698.0
156500,113738.0
208300,234411.0
138100,136143.0
159000,142069.0
236800,233614.0
116100,133418.0
219300,226199.0
97900,118149.0
450000,208161.02
345400,313100.01
302600,169847.0
231000,230112.0
162500,152384.04
102700,124281.0
61200,70979.0
500001,427066.58
289600,341698.02
319800,346367.05
203200,228819.0
127300,158578.0
51000,57068.0
156500,127137.0
106400,156979.0
126700,103230.0
59800,52151.0
92800,100360.0
273400,240993.01
324400,192481.0
209500,283481.0
115100,96266.0
57500,82192.0
320000,317095.02
137500,175259.0
137500,157368.0
381000,383996.05
98700,76475.0
242400,280340.0
223800,209213.01
95800,72958.0
270600,300405.0
150200,141841.0
168600,174131.0
133200,155149.0
155800,157255.0
298200,284070.0
163300,168157.0
126400,83781.0
425000,234009.0
198300,170495.0
163900,206355.01
78800,168033.01
183900,165544.0
191800,213806.0
171900,149347.0
158900,159393.0
244400,251444.0
229100,259739.0
94100,95771.0
160000,224181.02
272900,278348.01
311500,311087.0
316000,343214.02
14999,80383.0
185300,210150.0
180600,182279.0
255700,271273.0
216800,249326.04
222000,237548.0
400000,263346.04
214000,224220.0
214300,143761.0
442700,308145.02
63100,65272.0
92300,94616.0
127300,117308.0
94600,136224.0
157800,133708.0
230900,214417.01
257600,294583.02
187500,238078.04
275000,321323.0
221000,223276.0
174100,223201.0
139300,130586.0
500000,387837.25
51700,63114.0
172600,196203.0
169400,163158.0
71800,90152.0
164100,139913.0
82700,102859.0
389500,354801.14
75800,89857.0
168800,206613.0
104800,108276.0
99200,121866.0
328900,344908.0
187500,266339.0
186700,191835.0
103100,123705.0
214500,213588.0
150400,170634.0
158300,127789.0
119300,124200.0
331400,339808.09
166100,161421.0
237000,222144.0
224100,317108.04
130400,129119.0
339800,344998.03
157500,207871.0
277500,277691.01
261000,290051.01
174500,233903.0
103100,117788.0
217600,240555.01
189600,186155.0
247900,254110.0
160100,172816.0
82800,80262.0
132200,150456.0
90300,100882.0
220600,227102.0
335000,265188.01
125500,138967.0
282100,249007.0
170600,133143.0
109400,145098.0
233000,202478.0
500001,486877.8
361500,358565.02
236100,261966.0
248200,249617.02
500001,304791.07
94600,96366.0
341700,373925.03
162500,168001.0
164400,170265.0
194300,187724.01
68100,73290.0
68900,70979.0
79200,92738.0
211300,245708.0
362700,401568.17
157500,135578.0
161300,149906.0
87000,120843.0
194100,191138.0
170800,183355.0
65000,96476.0
90000,107614.0
226800,211727.03
213100,216265.0
100300,100682.0
257300,212993.0
142400,153476.0
386400,272561.01
217100,248359.0
157600,155715.0
319000,223934.0
118200,113343.0
296200,338010.01
92400,95679.0
162500,108808.0
134100,130146.0
100000,105051.0
120700,113526.0
500001,498630.96
148800,141206.0
120100,145830.0
495600,490889.83
126400,95022.0
200600,191487.03
138200,107248.0
335300,351037.04
188000,209424.0
433300,419853.12
357200,368273.07
217100,215148.0
315500,349476.03
112500,90158.0
244900,289302.01
166500,160753.0
209500,217403.0
146800,164532.0
112500,133574.0
114800,105546.0
81300,114534.0
185300,180920.0
276100,316063.01
354700,390891.09
43100,51662.0
335000,259111.02
90500,97351.0
112000,124604.0
376600,350915.04
220600,249334.07
81100,84365.0
236800,252939.0
198200,191386.0
125000,111377.0
91100,140894.0
301700,361461.03
65900,76581.0
300000,157786.0
201000,206561.0
144200,147022.0
250000,200736.0
224900,248331.0
143900,132445.0
272200,296834.0
101200,104679.0
150500,126620.0
61700,58319.0
381900,354043.09
216500,252017.0
204500,252771.01
166100,122014.0
368500,387498.27
100000,95275.0
259400,263418.0
201700,190584.0
178000,199239.0
307100,355299.15
452300,365960.05
145900,138865.0
225000,203834.02
148200,238171.06
413900,319624.02
80400,100954.0
169400,170064.0
476300,367511.15
116000,114689.0
168800,196298.0
394300,336545.14
153600,131760.0
438400,327349.14
249100,228517.0
188000,199825.0
79400,95769.0
500001,410446.3
194200,201293.0
51300,69516.01
137500,141125.0
81000,98950.0
118500,116310.0
128700,150574.0
86800,87876.0
500001,231877.0
130300,77102.0
335600,276481.0
271700,298241.02
92600,129629.0
115800,117591.0
332800,354523.03
184700,209796.0
101600,94991.0
500000,279249.01
69600,75257.0
58800,57006.0
258000,201292.0
500001,487070.42
87100,105007.0
61900,51743.0
183700,199250.0
185000,190465.0
241600,324330.12
147200,139051.0
375000,420420.03
91600,79450.0
288100,283951.02
58900,61827.0
125700,150341.0
357300,328011.0
397000,422584.11
93600,113303.0
260600,284766.0
208400,199465.0
393200,441575.44
95400,102356.0
352400,337149.05
149000,150869.0
112500,98063.0
87500,102581.0
150000,145762.0
244900,302441.04
397500,381661.1
86600,111716.0
178700,174036.0
160200,146650.0
400000,329933.03
67300,105480.0
293800,368359.12
142500,187761.0
87700,93140.0
303300,197316.0
457300,312428.03
134400,212235.0
303100,320916.0
178100,192283.0
147800,200066.0
97500,126275.0
113400,163070.0
147000,126421.0
116700,131125.0
500001,328742.15
211300,198198.0
228500,231830.0
280200,285665.02
228000,282085.0
265500,186245.0
500001,353609.06
58000,84185.0
92000,146315.02
103300,124117.0
225000,275513.03
192800,242410.0
99300,104290.0
119400,107016.0
158300,132035.03
218400,181221.0
314100,297209.03
120800,118227.0
320500,300724.01
96000,82795.0
241500,235987.0
189600,193981.0
276800,256276.0
134000,90823.0
130900,127083.0
284800,259071.02
162500,170378.0
150500,184280.0
55000,84228.0
213100,213655.0
235000,234783.0
263200,220617.0
300500,270631.0
125000,136284.0
43800,79710.0
500001,482481.79
420000,472532.48
156300,79966.0
69900,65775.0
417600,219183.04
187700,198603.0
287500,237762.0
96400,120357.0
331000,370082.14
78200,76706.0
133300,150846.0
346700,312252.02
142900,120901.0
131100,137888.0
114000,163416.0
141100,168775.0
117200,137243.0
409700,368304.01
196500,220984.01
212700,199258.0
179600,176965.0
165300,192717.02
232300,239813.0
166500,149267.0
331000,329634.04
88300,105130.0
271100,318821.06
56000,67996.0
210700,252674.04
122700,143142.0
196700,219968.02
175000,168692.0
227300,246028.0
95000,125209.01
87300,82852.0
110900,145125.0
225000,271180.0
202000,203118.0
339400,209384.0
288100,333920.09
97700,130660.0
187500,282029.37
61200,54918.0
142200,146878.0
137500,163034.0
78400,86790.0
273100,270669.01
253000,308827.03
256300,305038.01
151500,158026.0
177800,225845.0
150000,175901.0
153300,166801.0
151400,165252.0
138500,224102.06
221300,215388.01
237200,268353.0
262500,203085.0
231000,256589.0
194400,185139.0
84300,104285.0
182600,215547.0
146400,176347.0
142500,93484.0
194500,167069.0
165000,157603.0
61000,62622.0
118500,114960.0
243200,262880.0
129700,139819.01
135300,140000.0
154200,143295.0
216100,132508.0
144000,152193.0
103300,146783.0
227900,245087.0
184000,203154.0
93800,114153.0
405400,194855.0
127900,195300.01
335100,361624.08
48600,53500.0
127100,137862.99
213900,231558.0
67200,64241.0
210900,201552.0
500001,472285.66
312500,317262.06
349600,351584.0
233100,186976.0
261800,218837.0
139000,210754.0
377200,219893.0
76400,69311.0
329600,364093.05
220000,243865.0
225900,206822.0
220500,207354.0
55100,64684.0
204000,234243.02
150000,135419.0
162500,84140.0
216700,220370.0
124700,118717.0
191700,134046.0
71500,78401.0
217100,210199.0
201400,221040.0
229400,206551.0
160200,215640.01
146800,141871.0
143300,156700.0
215600,215459.0
172300,200524.0
170700,192515.0
192000,182308.0
144800,132267.0
69700,74820.0
402900,400949.09
133500,217056.0
183100,116511.0
213100,224302.0
283200,393444.34
121600,131552.0
73800,74540.0
73400,69985.0
500001,499703.98
178300,182483.01
175000,137708.0
243800,209451.0
196000,199290.0
100100,122976.0
320600,294030.01
83400,115126.0
183400,207376.0
190100,226379.0
153200,132953.0
312000,335700.05
139000,126874.0
178300,174321.0
53400,77483.0
365600,312368.0
276500,353174.03
145900,128852.0
160200,162422.0
190700,210824.0
195000,200233.0
55000,98438.0
108100,116924.0
271400,274870.0
112500,126868.0
123100,149124.0
76000,64545.0
56500,51353.0
85200,81984.0
135200,163694.0
225000,208786.0
500001,469683.61
117500,355616.21
500001,441729.44
278300,311137.03
316700,259046.0
107600,100739.0
126100,128409.0
72700,81318.0
171400,151565.0
301100,231032.0
113900,120334.0
226300,327313.0
100000,112595.0
162500,135266.0
212600,241664.0
37500,174251.16
226000,222076.0
99600,116149.0
143400,151485.0
111200,91303.0
159500,143191.0
67800,53793.0
259600,260857.0
226500,213639.0
117900,163920.0
452800,368207.03
362400,295166.03
500001,411830.26
87100,84533.0
219000,267844.0
111400,122488.0
400000,420462.36
175900,194425.0
140300,183411.0
162500,174013.0
135600,149631.0
180400,184111.0
291400,304195.03
285200,298360.04
97600,99996.0
103100,117976.0
500001,484825.67
92000,111770.0
284100,330410.07
331600,305012.02
150000,221990.01
271900,287752.0
87500,101626.0
92700,98566.0
336100,335532.07
110300,134552.0
84700,85716.0
403700,308745.06
212800,192905.0
275000,295041.14
357300,435068.4
364200,247201.0
225000,370848.22
149300,107075.0
383100,356786.14
333100,312009.01
139100,148618.0
78000,101034.0
249100,168073.01
107800,115433.0
500001,406131.16
59100,57378.0
215000,231404.04
225000,186890.0
153300,151096.0
358800,345819.19
259800,212660.0
82200,100598.0
112200,108247.0
475000,250414.04
197300,192745.0
419200,465004.53
236700,293838.03
240300,258639.02
112900,122569.0
68300,101154.0
91400,105894.0
170100,171194.0
305200,280116.0
134700,97692.01
180700,182799.0
76300,114799.0
314000,404980.13
152400,188194.0
500001,500001.0
95800,146961.0
144000,147937.0
405800,312298.06
500001,499831.99
300000,291744.11
112100,135255.0
225000,232798.0
345800,354171.12
97100,72232.0
204200,201968.0
140600,145813.0
217800,259867.0
162900,175405.0
162200,143357.0
61900,76631.0
57000,74261.0
480100,398423.13
161200,155749.0
500001,497716.97
56700,128101.1
268200,288797.01
331000,348000.04
360000,270179.0
101000,142629.0
58100,61061.0
186200,232626.0
349100,362193.03
264300,247767.0
230800,199309.0
178100,237624.0
254200,328196.01
500001,492655.78
195700,214922.0
382400,339235.03
122200,140351.0
346800,408735.09
112500,176852.0
54400,54293.0
129300,142241.0
84200,99734.0
174300,172750.0
191900,199249.0
350000,231075.01
500001,477401.78
185700,152515.0
201000,171020.0
84700,67369.0
159400,159610.0
387000,173778.0
108000,114358.0
371700,251737.0
315600,282067.01
243400,293421.02
238700,354510.02
500000,384345.13
151900,157736.0
235600,296273.15
84200,124186.0
271500,306717.04
289400,317354.02
137900,101297.0
435200,351176.02
277600,368355.15
350000,164936.0
107800,101252.0
53000,63228.0
158700,157764.0
151700,145376.0
92700,79363.0
500001,418332.25
126600,122154.0
245600,247713.0
198500,216921.01
85900,81219.0
187200,210041.0
360900,345597.03
161200,190370.0
49800,55253.0
366300,366499.11
89500,93168.0
237500,280029.13
405400,313818.01
203400,214010.01
243600,242096.01
241400,234817.01
275000,299567.02
22500,153693.0
500001,442198.42
143300,159432.0
353200,226860.0
261800,393798.1
293900,335677.06
224000,181422.0
201500,221732.0
262500,204615.01
187500,197585.0
243400,241821.01
270500,297909.03
308800,370445.06
284100,288915.01
500001,500001.0
434400,434723.47
95600,125137.0
241500,242292.02
500001,500001.0
500001,303311.08
322900,352392.02
259900,236857.0
137500,123834.0
404500,381168.14
111200,106316.0
113500,122382.0
500001,482862.72
393800,365062.01
200000,216757.05
170900,169393.0
282300,208007.0
101600,110466.0
168900,181432.0
112500,106468.0
217700,201845.0
131500,156367.0
148500,138225.0
340500,290851.0
213200,193521.0
346200,327202.07
157300,157876.02
133300,188447.0
204000,346478.2
299600,289130.02
263600,279808.0
84200,89110.0
87500,115316.0
145800,146155.0
347800,385628.14
146400,171935.0
97500,121063.0
247800,180217.0
192100,182712.0
179100,166023.0
119800,104012.0
161900,180523.0
500001,334723.15
53300,64890.0
98600,119256.0
129700,120688.0
153100,184562.0
225000,86727.0
359100,306822.09
416700,499188.99
130600,147688.0
58800,72720.0
500001,445868.5
105100,98466.0
227000,285816.01
81900,101111.0
275000,361548.18
129700,114869.0
427300,376821.04
193800,306248.01
89500,107714.0
500001,253747.0
440500,302656.0
112500,101953.0
94400,91267.0
180700,227220.0
187500,116555.0
42700,55856.0
283400,311327.14
192300,246193.0
144100,124004.0
138900,92200.0
334600,383671.16
344200,385476.11
83400,106624.0
169000,155639.0
197600,226001.0
136100,147281.0
353900,427468.11
124600,157466.0
192300,216107.0
165800,168643.0
73800,171356.0
285400,298435.01
117700,121129.0
267600,299176.05
112900,116041.0
306000,291256.01
372000,326445.03
335600,321144.02
85100,78185.0
184900,183439.0
58000,109350.0
273700,367117.1
148100,166436.0
500001,500001.0
148400,185407.0
137000,117735.0
218200,209079.0
178700,183111.0
265000,216218.0
113300,104671.0
483700,432150.34
122700,119360.0
388100,438891.23
141200,136168.0
266700,329767.08
133000,122774.0
387200,213679.0
261400,272647.0
138500,164374.0
99300,97332.0
189400,145062.0
302700,257035.0
212200,241409.0
136500,135485.0
63500,66013.0
212500,221830.0
51300,56128.0
164000,185462.0
193200,193048.0
124400,153527.0
207100,178055.0
169300,160569.0
452600,449321.37
45600,50162.0
350000,392285.03
500001,391692.09
136900,168115.0
114700,120531.0
177300,185151.0
362300,320800.02
193500,197819.0
89900,100356.99
217100,202647.0
159900,194757.0
173300,206444.0
179700,157434.0
88600,93194.0
205000,249533.06
54200,66303.0
167200,179369.0
500001,500001.0
154200,201778.0
168800,190538.0
78800,72733.0
147500,185228.0
107000,138499.0
264000,196933.0
165100,172175.0
187800,179074.0
285600,319518.01
358700,330471.0
320200,341583.04
126500,123203.0
173300,180080.0
500001,422273.28
207800,240921.02
258900,272204.01
363200,315489.05
290600,233547.05
342200,345902.11
352700,319224.0
163500,156517.0
276000,198987.0
94200,129724.0
166300,245507.0
153800,186114.0
77700,81707.0
95300,100493.0
171900,144872.0
238000,272570.02
164900,186461.0
230600,260389.0
374000,417931.1
199700,212684.0
100000,55545.0
270800,307578.0
121100,141119.0
500001,489177.84
255100,248351.01
231300,228348.0
417000,446743.41
174600,178045.0
206900,182191.0
52100,49498.0
150600,150801.0
365600,261507.0
106600,102417.0
238000,244218.0
107000,111447.0
244100,280944.02
88900,101479.0
349600,306514.02
276300,227053.03
171300,164842.0
351600,305713.0
56000,67814.0
232800,221135.0
247600,224223.0
163400,165253.0
161400,135188.01
360600,397074.09
190000,287428.01
130300,129499.0
117100,152154.0
63800,70887.0
210900,239870.0
277700,386266.09
145800,130547.0
194100,168244.0
500001,479239.75
213200,127621.0
288200,233168.0
500001,466302.62
178100,228727.0
175700,197314.0
500001,499833.99
112500,113225.0
262100,247601.0
317900,277618.0
238800,293520.0
125800,129017.0
500001,465706.48
196100,193714.0
275000,302796.02
59800,72707.0
164600,145151.0
457300,359317.1
71300,108151.01
500001,484149.79
155400,158622.0
160200,154915.0
103200,118149.0
180600,192355.0
75900,97471.0
144300,185977.0
275000,301236.11
137500,128127.0
101200,110259.0
201600,249663.01
311600,254102.0
215200,254176.07
488900,278894.2
109800,111453.0
81000,84892.0
500001,435501.45
438000,377517.04
303800,317627.04
185400,221279.0
339800,332753.0
171400,174327.0
225000,208986.0
249000,261401.03
194700,201901.0
166100,178376.0
233900,235394.0
98500,147243.0
197500,144295.0
260100,254290.0
157600,159762.0
238800,268868.01
75000,90651.0
496400,406626.24
500001,500001.0
103100,119174.0
243800,250846.03
304100,251221.0
168000,169226.0
309100,318792.01
174500,157464.0
290500,199593.0
382500,314461.02
232800,212116.0
500001,445529.53
106300,126143.0
97200,106037.0
209100,198224.0
192200,192488.0
88500,88820.0
129900,147922.0
87400,121657.0
208700,202328.0
237900,232412.0
170200,174946.0
324400,263865.0
106300,152715.0
239700,204410.0
60800,54251.0
81000,86479.0
59200,72467.0
483300,420795.26
369400,344795.04
183100,186741.0
100000,111200.0
123300,143844.0
168900,168232.0
234300,222236.0
120000,134103.0
105500,105956.0
190700,122595.0
267900,349411.03
396400,266618.04
190400,181387.0
241900,225135.01
253600,217100.08
215900,242613.0
174200,199907.0
99400,105579.0
146200,130290.0
166700,211717.0
103000,117740.0
325400,244772.0
266200,255451.0
164600,182471.0
244700,350478.12
123200,118251.0
500001,376577.18
275000,266521.07
145000,153637.0
500001,500001.0
66000,92248.0
146900,157979.0
126200,122232.0
182100,206282.0
199300,181727.0
281300,268010.0
287600,254489.0
500001,481804.84
300000,314434.06
477700,477716.52
168100,222867.01
114200,147095.0
159200,165967.0
177500,199760.0
348600,401647.12
429300,466656.48
214300,127174.0
151200,136634.0
500001,242612.0
170000,210117.0
326100,305011.01
500001,372967.05
151900,145550.0
90300,78398.0
330400,368676.18
324000,326525.0
400000,220458.01
112500,82272.0
59100,82720.0
207600,211974.0
102300,153391.0
276200,245787.0
283300,177074.0
335000,293802.03
58100,71157.0
176700,183720.0
59500,67887.0
106300,124111.0
247600,275450.01
199000,171838.0
238300,221645.0
219600,262003.0
225600,252642.01
500001,500001.0
212200,174789.0
395500,360899.07
64400,79531.0
140700,111029.0
152000,186397.0
275400,269287.0
95800,133307.01
165600,174697.0
156100,131923.0
67500,87332.0
82500,117516.0
340900,296847.0
207100,201032.0
61300,130826.0
154200,155426.0
164700,164886.0
350000,145339.02
77300,72218.97
286700,301195.05
134300,122662.0
140300,95614.0
277800,245941.05
96800,142727.0
139700,97844.0
251300,325414.11
500001,368388.19
157900,161221.0
100200,86718.0
127700,108478.0
133700,117344.0
